sceneName,sceneVersion,sceneStart,sceneEnd,sceneDuration,sceneTeoricDuration,stim0_position_xy,stim1_position_xy,stim0_contrastValue,stim1_contrastValue,correctValue,response,isCorrect
first,1,43.4526,45.5194,2.0668,2.0666668,(-275.0;0.0),(275.0;0.0),0.2235,0.2,0,1,0
first,2,46.2195,47.8696,1.6501,1.6333334,(275.0;0.0),(-275.0;0.0),0.6421,0.45,1,0,0
first,3,48.5696,50.5199,1.9503,1.95,(-275.0;0.0),(275.0;0.0),0.0029,0.0,0,0,1
first,4,51.2197,52.0698,0.8501,0.8333334,(-275.0;0.0),(275.0;0.0),0.0529,0.05,0,0,1
first,5,52.7698,54.0866,1.3168,1.3166667,(275.0;0.0),(-275.0;0.0),0.017,0.0088,1,1,1
first,6,54.7866,56.7539,1.9673,1.95,(275.0;0.0),(-275.0;0.0),0.001,0.0,1,1,1
first,7,57.4534,58.2535,0.8001,0.8000001,(-275.0;0.0),(275.0;0.0),0.0117,0.0088,0,0,1
first,8,58.9538,59.7034,0.7496,0.75000006,(275.0;0.0),(-275.0;0.0),0.0582,0.05,1,0,0
first,9,60.4036,61.9037,1.5001,1.4833335,(-275.0;0.0),(275.0;0.0),0.0177,0.0167,0,0,1
first,10,62.6045,63.1704,0.5659,0.5666667,(-275.0;0.0),(275.0;0.0),0.0671,0.0,0,0,1
first,11,63.8707,64.5539,0.6833,0.6833334,(-275.0;0.0),(275.0;0.0),0.5171,0.45,0,0,1
first,12,65.2538,66.0539,0.8001,0.8000001,(275.0;0.0),(-275.0;0.0),0.0529,0.05,1,1,1
first,13,66.7539,67.3373,0.5834,0.5833334,(-275.0;0.0),(275.0;0.0),0.6421,0.45,0,0,1
first,14,68.0384,68.5382,0.4998,0.5,(-275.0;0.0),(275.0;0.0),0.3921,0.2,0,0,1
first,15,69.2374,69.8875,0.6500,0.65000004,(275.0;0.0),(-275.0;0.0),0.0759,0.0088,1,1,1
first,16,70.5875,71.5386,0.9511,0.95000005,(-275.0;0.0),(275.0;0.0),0.0117,0.0088,0,0,1
first,17,72.2542,72.7043,0.4500,0.45000002,(275.0;0.0),(-275.0;0.0),0.1921,0.0,1,1,1
first,18,73.4044,74.1221,0.7177,0.7166667,(275.0;0.0),(-275.0;0.0),0.1171,0.05,1,1,1
first,19,74.8211,75.9711,1.1501,1.1500001,(275.0;0.0),(-275.0;0.0),0.0082,0.0,1,0,0
first,20,76.6711,77.3047,0.6336,0.6166667,(-275.0;0.0),(275.0;0.0),0.0235,0.0,0,0,1
first,21,78.0056,78.6713,0.6657,0.6666667,(275.0;0.0),(-275.0;0.0),0.2088,0.0167,1,1,1
first,22,79.3713,80.0551,0.6838,0.6833334,(-275.0;0.0),(275.0;0.0),0.0838,0.0167,0,0,1
first,23,80.7547,81.9051,1.1504,1.1333334,(-275.0;0.0),(275.0;0.0),0.0177,0.0167,0,0,1
first,24,82.6050,83.1550,0.5500,0.55,(-275.0;0.0),(275.0;0.0),0.2421,0.05,0,0,1
first,25,83.8549,84.4382,0.5833,0.5833334,(275.0;0.0),(-275.0;0.0),1.0,0.45,1,1,1
first,26,85.1383,85.7217,0.5834,0.5833334,(275.0;0.0),(-275.0;0.0),0.0671,0.0,1,1,1
first,27,86.4227,87.0051,0.5825,0.5666667,(-275.0;0.0),(275.0;0.0),0.0117,0.0088,0,0,1
first,28,87.7058,88.3052,0.5993,0.6,(-275.0;0.0),(275.0;0.0),0.0117,0.0088,0,0,1
first,29,89.0061,89.7898,0.7837,0.78333336,(-275.0;0.0),(275.0;0.0),0.5171,0.45,0,0,1
first,30,90.4886,91.6723,1.1836,1.1833334,(-275.0;0.0),(275.0;0.0),0.0249,0.0167,0,0,1
first,31,92.3887,92.8900,0.5012,0.5,(275.0;0.0),(-275.0;0.0),1.0,0.45,1,1,1
first,32,93.5888,94.9564,1.3676,1.3666668,(275.0;0.0),(-275.0;0.0),0.0196,0.0167,1,0,0
first,33,95.6556,96.1389,0.4833,0.48333335,(-275.0;0.0),(275.0;0.0),0.1921,0.0,0,0,1
first,34,96.8390,97.5723,0.7334,0.73333335,(-275.0;0.0),(275.0;0.0),0.0249,0.0167,0,0,1
first,35,98.2724,99.0897,0.8173,0.8166667,(-275.0;0.0),(275.0;0.0),0.0177,0.0167,0,0,1
first,36,99.7891,100.9726,1.1835,1.1833334,(275.0;0.0),(-275.0;0.0),0.0529,0.05,1,0,0
first,37,101.6728,103.3396,1.6668,1.6500001,(275.0;0.0),(-275.0;0.0),0.0582,0.05,1,1,1
first,38,104.0394,104.6227,0.5834,0.5833334,(-275.0;0.0),(275.0;0.0),0.0735,0.05,0,0,1
first,39,105.3238,105.9744,0.6506,0.65000004,(275.0;0.0),(-275.0;0.0),0.0735,0.05,1,1,1
first,40,106.6729,107.2062,0.5333,0.53333336,(-275.0;0.0),(275.0;0.0),0.3921,0.2,0,0,1
first,41,107.9071,108.9405,1.0333,1.0333334,(275.0;0.0),(-275.0;0.0),0.0098,0.0088,1,1,1
first,42,109.6397,110.7898,1.1501,1.1500001,(275.0;0.0),(-275.0;0.0),0.3921,0.2,1,0,0
first,43,111.4898,112.1401,0.6503,0.6333334,(275.0;0.0),(-275.0;0.0),0.017,0.0088,1,1,1
first,44,112.8399,114.3402,1.5003,1.5000001,(275.0;0.0),(-275.0;0.0),0.0082,0.0,1,0,0
first,45,115.0400,115.7736,0.7336,0.73333335,(-275.0;0.0),(275.0;0.0),0.0582,0.05,0,1,0
first,46,116.4734,116.9746,0.5012,0.48333335,(-275.0;0.0),(275.0;0.0),0.0235,0.0,0,0,1
first,47,117.6735,118.5072,0.8338,0.8333334,(275.0;0.0),(-275.0;0.0),0.2235,0.2,1,1,1
first,48,119.2069,119.7905,0.5836,0.5833334,(275.0;0.0),(-275.0;0.0),1.0,0.45,1,1,1
first,49,120.4903,121.0237,0.5334,0.53333336,(-275.0;0.0),(275.0;0.0),1.0,0.2,0,0,1
first,50,121.7406,122.2905,0.5498,0.55,(-275.0;0.0),(275.0;0.0),0.75,0.2,0,0,1
first,51,122.9904,123.6744,0.6840,0.6833334,(275.0;0.0),(-275.0;0.0),0.0735,0.05,1,1,1
first,52,124.3738,124.9572,0.5834,0.5833334,(-275.0;0.0),(275.0;0.0),0.6421,0.45,0,0,1
first,53,125.6573,126.2573,0.6000,0.6,(275.0;0.0),(-275.0;0.0),0.2671,0.2,1,1,1
first,54,126.9574,127.8416,0.8843,0.8833334,(275.0;0.0),(-275.0;0.0),0.0582,0.05,1,1,1
first,55,128.5407,129.2581,0.7173,0.7166667,(275.0;0.0),(-275.0;0.0),0.0235,0.0,1,1,1
first,56,129.9575,130.4909,0.5334,0.53333336,(275.0;0.0),(-275.0;0.0),0.1921,0.0,1,1,1
first,57,131.1911,132.2910,1.0998,1.1,(-275.0;0.0),(275.0;0.0),0.0582,0.05,0,0,1
first,58,132.9910,133.5576,0.5666,0.5666667,(-275.0;0.0),(275.0;0.0),0.0671,0.0,0,0,1
first,59,134.2577,134.9757,0.7180,0.7166667,(275.0;0.0),(-275.0;0.0),0.2082,0.2,1,1,1
first,60,135.6746,136.1912,0.5166,0.5166667,(-275.0;0.0),(275.0;0.0),0.2082,0.2,0,0,1
first,61,136.9088,138.4588,1.5500,1.5500001,(275.0;0.0),(-275.0;0.0),0.0029,0.0,1,1,1
first,62,139.1580,139.7597,0.6017,0.6,(275.0;0.0),(-275.0;0.0),0.0402,0.0167,1,1,1
first,63,140.4581,140.9584,0.5003,0.5,(275.0;0.0),(-275.0;0.0),0.6,0.05,1,1,1
first,64,141.6581,142.4918,0.8336,0.8166667,(-275.0;0.0),(275.0;0.0),0.0177,0.0167,0,1,0
first,65,143.1916,143.8416,0.6500,0.65000004,(-275.0;0.0),(275.0;0.0),0.1171,0.05,0,0,1
first,66,144.5424,144.9917,0.4493,0.45000002,(275.0;0.0),(-275.0;0.0),0.3921,0.2,1,1,1
first,67,145.6920,146.2419,0.5499,0.55,(275.0;0.0),(-275.0;0.0),0.2009,0.0088,1,1,1
first,68,146.9585,147.4928,0.5343,0.53333336,(-275.0;0.0),(275.0;0.0),1.0,0.45,0,0,1
first,69,148.1918,148.8753,0.6834,0.6833334,(275.0;0.0),(-275.0;0.0),0.0117,0.0088,1,1,1
first,70,149.5755,150.0420,0.4664,0.4666667,(-275.0;0.0),(275.0;0.0),0.0235,0.0,0,0,1
first,71,150.7423,151.6254,0.8831,0.8833334,(-275.0;0.0),(275.0;0.0),0.5171,0.45,0,0,1
first,72,152.3421,153.6422,1.3001,1.3000001,(275.0;0.0),(-275.0;0.0),0.4735,0.45,1,0,0
first,73,154.3422,155.7256,1.3834,1.3833334,(-275.0;0.0),(275.0;0.0),0.0029,0.0,0,0,1
first,74,156.4257,157.2924,0.8666,0.85,(-275.0;0.0),(275.0;0.0),0.0098,0.0088,0,0,1
first,75,157.9927,159.0925,1.0997,1.1,(275.0;0.0),(-275.0;0.0),0.0098,0.0088,1,0,0
first,76,159.7925,160.8430,1.0505,1.0500001,(275.0;0.0),(-275.0;0.0),0.017,0.0088,1,1,1
first,77,161.5426,162.2093,0.6667,0.6666667,(275.0;0.0),(-275.0;0.0),1.0,0.2,1,1,1
first,78,162.9096,163.4595,0.5499,0.55,(275.0;0.0),(-275.0;0.0),0.4735,0.45,1,0,0
first,79,164.1594,164.7095,0.5500,0.55,(275.0;0.0),(-275.0;0.0),0.2671,0.2,1,1,1
first,80,165.4095,165.9428,0.5334,0.53333336,(-275.0;0.0),(275.0;0.0),0.0671,0.0,0,0,1
first,81,166.6429,167.2596,0.6167,0.6,(275.0;0.0),(-275.0;0.0),0.0117,0.0088,1,1,1
first,82,167.9599,168.3776,0.4176,0.4166667,(-275.0;0.0),(275.0;0.0),0.0759,0.0088,0,0,1
first,83,169.0764,169.8431,0.7667,0.7666667,(-275.0;0.0),(275.0;0.0),0.4582,0.45,0,1,0
first,84,170.5432,171.5265,0.9833,0.9833334,(-275.0;0.0),(275.0;0.0),0.0735,0.05,0,0,1
first,85,172.2440,172.8266,0.5826,0.5833334,(275.0;0.0),(-275.0;0.0),0.2421,0.05,1,1,1
first,86,173.5269,174.2102,0.6833,0.6833334,(275.0;0.0),(-275.0;0.0),0.1171,0.05,1,1,1
first,87,174.9100,175.4774,0.5674,0.5666667,(-275.0;0.0),(275.0;0.0),0.2082,0.2,0,0,1
first,88,176.1768,176.7437,0.5670,0.55,(-275.0;0.0),(275.0;0.0),0.3921,0.2,0,0,1
first,89,177.4435,178.0435,0.6001,0.6,(275.0;0.0),(-275.0;0.0),0.6421,0.45,1,1,1
first,90,178.7436,179.6105,0.8670,0.86666673,(-275.0;0.0),(275.0;0.0),0.1171,0.05,0,0,1
first,91,180.3103,180.8937,0.5834,0.5833334,(-275.0;0.0),(275.0;0.0),0.3921,0.2,0,0,1
first,92,181.5937,182.2112,0.6175,0.6,(-275.0;0.0),(275.0;0.0),0.0582,0.05,0,1,0
first,93,182.9105,183.6449,0.7344,0.73333335,(-275.0;0.0),(275.0;0.0),0.4582,0.45,0,0,1
first,94,184.3439,184.9941,0.6502,0.65000004,(-275.0;0.0),(275.0;0.0),0.0671,0.0,0,0,1
first,95,185.6941,186.2109,0.5167,0.5166667,(-275.0;0.0),(275.0;0.0),0.0529,0.05,0,1,0
first,96,186.9274,187.4440,0.5166,0.5166667,(-275.0;0.0),(275.0;0.0),0.2235,0.2,0,0,1
first,97,188.1441,189.1275,0.9835,0.9833334,(-275.0;0.0),(275.0;0.0),0.0117,0.0088,0,1,0
first,98,189.8275,190.3277,0.5002,0.5,(-275.0;0.0),(275.0;0.0),0.1171,0.05,0,0,1
first,99,191.0286,191.8277,0.7992,0.78333336,(275.0;0.0),(-275.0;0.0),0.001,0.0,1,1,1
first,100,192.5277,193.2946,0.7669,0.7666667,(275.0;0.0),(-275.0;0.0),0.0029,0.0,1,0,0
first,101,193.9953,194.5611,0.5658,0.5666667,(-275.0;0.0),(275.0;0.0),0.6,0.05,0,0,1
first,102,195.2612,196.0112,0.7500,0.75000006,(275.0;0.0),(-275.0;0.0),0.0029,0.0,1,0,0
first,103,196.7290,197.8962,1.1672,1.1666667,(275.0;0.0),(-275.0;0.0),0.0117,0.0088,1,0,0
first,104,198.5949,199.1448,0.5500,0.55,(275.0;0.0),(-275.0;0.0),1.0,0.2,1,1,1
first,105,199.8449,200.4794,0.6344,0.6333334,(-275.0;0.0),(275.0;0.0),0.1171,0.05,0,0,1
first,106,201.1782,201.8959,0.7177,0.70000005,(-275.0;0.0),(275.0;0.0),0.0249,0.0167,0,0,1
first,107,202.5950,203.3951,0.8001,0.8000001,(-275.0;0.0),(275.0;0.0),0.0402,0.0167,0,0,1
first,108,204.0960,204.6126,0.5165,0.5166667,(275.0;0.0),(-275.0;0.0),0.0235,0.0,1,1,1
first,109,205.3117,206.4786,1.1668,1.1666667,(-275.0;0.0),(275.0;0.0),0.001,0.0,0,1,0
first,110,207.1958,207.8460,0.6502,0.65000004,(-275.0;0.0),(275.0;0.0),1.0,0.45,0,0,1
first,111,208.5456,209.2452,0.6996,0.70000005,(275.0;0.0),(-275.0;0.0),0.6421,0.45,1,1,1
first,112,209.9454,210.7132,0.7679,0.7666667,(275.0;0.0),(-275.0;0.0),0.0402,0.0167,1,1,1
first,113,211.4121,211.9290,0.5170,0.5,(-275.0;0.0),(275.0;0.0),0.0402,0.0167,0,0,1
first,114,212.6289,213.2289,0.6001,0.6,(-275.0;0.0),(275.0;0.0),0.6421,0.45,0,0,1
first,115,213.9296,214.4123,0.4826,0.48333335,(275.0;0.0),(-275.0;0.0),1.0,0.2,1,1,1
first,116,215.1123,215.5290,0.4167,0.4166667,(-275.0;0.0),(275.0;0.0),0.1921,0.0,0,0,1
first,117,216.2290,217.4962,1.2672,1.2500001,(-275.0;0.0),(275.0;0.0),0.5171,0.45,0,0,1
first,118,218.1964,218.7959,0.5995,0.6,(275.0;0.0),(-275.0;0.0),0.0529,0.05,1,1,1
first,119,219.4966,220.0792,0.5826,0.5833334,(-275.0;0.0),(275.0;0.0),0.75,0.2,0,0,1
first,120,220.7795,221.3135,0.5340,0.53333336,(-275.0;0.0),(275.0;0.0),0.2088,0.0167,0,0,1
first,121,222.0293,222.6960,0.6667,0.6666667,(-275.0;0.0),(275.0;0.0),0.1171,0.05,0,0,1
first,122,223.3969,224.0304,0.6335,0.6333334,(275.0;0.0),(-275.0;0.0),0.5171,0.45,1,1,1
first,123,224.7295,225.4796,0.7501,0.75000006,(275.0;0.0),(-275.0;0.0),0.0235,0.0,1,1,1
first,124,226.1796,227.3299,1.1503,1.1333334,(275.0;0.0),(-275.0;0.0),0.0082,0.0,1,0,0
first,125,228.0299,228.8136,0.7837,0.78333336,(275.0;0.0),(-275.0;0.0),0.0529,0.05,1,1,1
first,126,229.5131,230.1466,0.6335,0.6333334,(275.0;0.0),(-275.0;0.0),0.0323,0.0088,1,1,1
first,127,230.8465,231.4299,0.5834,0.5833334,(275.0;0.0),(-275.0;0.0),0.0402,0.0167,1,1,1
first,128,232.1466,232.9800,0.8335,0.8333334,(275.0;0.0),(-275.0;0.0),0.017,0.0088,1,1,1
first,129,233.6800,234.2801,0.6001,0.6,(275.0;0.0),(-275.0;0.0),0.1171,0.05,1,1,1
first,130,234.9801,235.4139,0.4339,0.43333337,(275.0;0.0),(-275.0;0.0),0.2088,0.0167,1,1,1
first,131,236.1135,237.2638,1.1503,1.1333334,(-275.0;0.0),(275.0;0.0),0.0082,0.0,0,0,1
first,132,237.9636,238.5482,0.5846,0.5833334,(-275.0;0.0),(275.0;0.0),0.3921,0.2,0,0,1
first,133,239.2470,240.0638,0.8168,0.8166667,(-275.0;0.0),(275.0;0.0),0.017,0.0088,0,0,1
first,134,240.7637,241.3640,0.6003,0.6,(-275.0;0.0),(275.0;0.0),0.75,0.2,0,0,1
first,135,242.0805,242.9805,0.9001,0.90000004,(275.0;0.0),(-275.0;0.0),0.0098,0.0088,1,1,1
first,136,243.6805,244.3142,0.6337,0.6333334,(-275.0;0.0),(275.0;0.0),0.1171,0.05,0,0,1
first,137,245.0151,245.8807,0.8656,0.86666673,(-275.0;0.0),(275.0;0.0),0.0529,0.05,0,1,0
first,138,246.5807,247.0308,0.4500,0.43333337,(-275.0;0.0),(275.0;0.0),0.0735,0.05,0,0,1
first,139,247.7318,248.1978,0.4660,0.4666667,(275.0;0.0),(-275.0;0.0),0.0323,0.0088,1,1,1
first,140,248.8985,249.4478,0.5493,0.55,(275.0;0.0),(-275.0;0.0),0.0249,0.0167,1,0,0
first,141,250.1476,250.5649,0.4173,0.4166667,(275.0;0.0),(-275.0;0.0),0.6,0.05,1,1,1
first,142,251.2645,252.0311,0.7667,0.75000006,(-275.0;0.0),(275.0;0.0),0.0098,0.0088,0,0,1
first,143,252.7311,253.4152,0.6841,0.6833334,(275.0;0.0),(-275.0;0.0),0.017,0.0088,1,1,1
first,144,254.1146,254.4656,0.3510,0.35000002,(-275.0;0.0),(275.0;0.0),0.6,0.05,0,0,1
first,145,255.1647,255.5813,0.4166,0.4166667,(275.0;0.0),(-275.0;0.0),0.5171,0.45,1,1,1
first,146,256.2820,256.9313,0.6493,0.6333334,(275.0;0.0),(-275.0;0.0),0.0196,0.0167,1,0,0
first,147,257.6314,258.1650,0.5337,0.53333336,(275.0;0.0),(-275.0;0.0),0.3921,0.2,1,1,1
first,148,258.8658,259.2817,0.4158,0.4166667,(-275.0;0.0),(275.0;0.0),0.2671,0.2,0,0,1
first,149,259.9815,260.6149,0.6335,0.6333334,(275.0;0.0),(-275.0;0.0),0.0098,0.0088,1,1,1
first,150,261.3157,261.6652,0.3494,0.35000002,(275.0;0.0),(-275.0;0.0),1.0,0.45,1,0,0
first,151,262.3816,263.0985,0.7169,0.7166667,(275.0;0.0),(-275.0;0.0),0.6421,0.45,1,1,1
first,152,263.7984,264.2317,0.4333,0.43333337,(275.0;0.0),(-275.0;0.0),1.0,0.2,1,1,1
first,153,264.9322,265.7327,0.8005,0.8000001,(275.0;0.0),(-275.0;0.0),0.0402,0.0167,1,1,1
first,154,266.4318,266.9655,0.5337,0.5166667,(-275.0;0.0),(275.0;0.0),0.2088,0.0167,0,0,1
first,155,267.6663,268.0654,0.3991,0.40000004,(275.0;0.0),(-275.0;0.0),0.1171,0.05,1,1,1
first,156,268.7653,269.3498,0.5845,0.5833334,(275.0;0.0),(-275.0;0.0),0.0196,0.0167,1,0,0
first,157,270.0487,270.6823,0.6336,0.6333334,(275.0;0.0),(-275.0;0.0),0.0529,0.05,1,1,1
first,158,271.3821,271.9159,0.5337,0.5166667,(275.0;0.0),(-275.0;0.0),1.0,0.2,1,1,1
first,159,272.6156,273.1156,0.5000,0.5,(-275.0;0.0),(275.0;0.0),0.4735,0.45,0,0,1
first,160,273.8156,274.2323,0.4167,0.4166667,(-275.0;0.0),(275.0;0.0),0.4582,0.45,0,1,0
first,161,274.9323,276.6158,1.6835,1.6833334,(275.0;0.0),(-275.0;0.0),0.0235,0.0,1,1,1
first,162,277.3325,278.1659,0.8334,0.8333334,(-275.0;0.0),(275.0;0.0),0.0098,0.0088,0,1,0
first,163,278.8659,279.3996,0.5337,0.53333336,(275.0;0.0),(-275.0;0.0),0.6,0.05,1,1,1
first,164,280.1002,280.6495,0.5493,0.55,(-275.0;0.0),(275.0;0.0),0.1171,0.05,0,0,1
first,165,281.3493,281.9001,0.5507,0.53333336,(-275.0;0.0),(275.0;0.0),0.6,0.05,0,0,1
first,166,282.5994,283.0330,0.4336,0.43333337,(275.0;0.0),(-275.0;0.0),0.2088,0.0167,1,1,1
first,167,283.7328,284.2338,0.5010,0.5,(275.0;0.0),(-275.0;0.0),0.1921,0.0,1,1,1
first,168,284.9329,285.3832,0.4504,0.45000002,(-275.0;0.0),(275.0;0.0),0.2009,0.0088,0,0,1
first,169,286.0829,286.7330,0.6500,0.6333334,(-275.0;0.0),(275.0;0.0),0.4735,0.45,0,0,1
first,170,287.4330,288.3842,0.9512,0.95000005,(275.0;0.0),(-275.0;0.0),0.0196,0.0167,1,0,0
first,171,289.0831,289.7498,0.6667,0.6666667,(275.0;0.0),(-275.0;0.0),0.4582,0.45,1,0,0
first,172,290.4509,290.9833,0.5324,0.53333336,(275.0;0.0),(-275.0;0.0),0.0735,0.05,1,1,1
first,173,291.6834,292.4500,0.7666,0.75000006,(-275.0;0.0),(275.0;0.0),0.0082,0.0,0,0,1
first,174,293.1503,293.8835,0.7332,0.73333335,(275.0;0.0),(-275.0;0.0),0.2671,0.2,1,1,1
first,175,294.5842,295.1335,0.5493,0.55,(275.0;0.0),(-275.0;0.0),0.75,0.2,1,1,1
first,176,295.8335,296.7504,0.9169,0.90000004,(275.0;0.0),(-275.0;0.0),0.0029,0.0,1,1,1
first,177,297.4502,297.9511,0.5009,0.5,(275.0;0.0),(-275.0;0.0),0.2421,0.05,1,1,1
first,178,298.6503,299.1005,0.4502,0.45000002,(275.0;0.0),(-275.0;0.0),0.0838,0.0167,1,1,1
first,179,299.8005,300.4838,0.6833,0.6833334,(-275.0;0.0),(275.0;0.0),0.0235,0.0,0,0,1
first,180,301.1845,301.7838,0.5994,0.5833334,(-275.0;0.0),(275.0;0.0),0.001,0.0,0,1,0
first,181,302.4846,303.0014,0.5168,0.5166667,(275.0;0.0),(-275.0;0.0),0.75,0.2,1,1,1
first,182,303.7006,304.4507,0.7500,0.75000006,(-275.0;0.0),(275.0;0.0),0.0402,0.0167,0,0,1
first,183,305.1507,305.6018,0.4511,0.45000002,(275.0;0.0),(-275.0;0.0),0.0759,0.0088,1,1,1
first,184,306.3008,306.9508,0.6500,0.6333334,(275.0;0.0),(-275.0;0.0),0.0177,0.0167,1,0,0
first,185,307.6511,308.1851,0.5340,0.53333336,(-275.0;0.0),(275.0;0.0),0.2009,0.0088,0,0,1
first,186,308.8842,309.3346,0.4504,0.45000002,(275.0;0.0),(-275.0;0.0),0.0196,0.0167,1,1,1
first,187,310.0344,310.4345,0.4001,0.40000004,(-275.0;0.0),(275.0;0.0),0.0196,0.0167,0,0,1
first,188,311.1344,311.5520,0.4176,0.4166667,(-275.0;0.0),(275.0;0.0),0.2082,0.2,0,1,0
first,189,312.2677,312.6678,0.4000,0.40000004,(-275.0;0.0),(275.0;0.0),1.0,0.45,0,0,1
first,190,313.3688,313.8685,0.4997,0.5,(275.0;0.0),(-275.0;0.0),0.6421,0.45,1,1,1
first,191,314.5684,314.9347,0.3663,0.36666667,(275.0;0.0),(-275.0;0.0),0.0249,0.0167,1,0,0
first,192,315.6347,316.0858,0.4511,0.45000002,(-275.0;0.0),(275.0;0.0),0.1921,0.0,0,0,1
first,193,316.8014,317.1850,0.3837,0.38333336,(-275.0;0.0),(275.0;0.0),0.2088,0.0167,0,0,1
first,194,317.8854,318.4515,0.5661,0.5666667,(275.0;0.0),(-275.0;0.0),0.0177,0.0167,1,1,1
first,195,319.1515,319.7024,0.5509,0.55,(275.0;0.0),(-275.0;0.0),0.0196,0.0167,1,0,0
first,196,320.4016,320.8517,0.4502,0.45000002,(-275.0;0.0),(275.0;0.0),0.0838,0.0167,0,0,1
first,197,321.5516,322.0855,0.5339,0.5166667,(-275.0;0.0),(275.0;0.0),0.75,0.2,0,0,1
first,198,322.7850,323.1354,0.3504,0.35000002,(-275.0;0.0),(275.0;0.0),0.0735,0.05,0,1,0
first,199,323.8355,324.3851,0.5496,0.55,(275.0;0.0),(-275.0;0.0),0.0759,0.0088,1,1,1
first,200,325.0852,325.5021,0.4169,0.4166667,(-275.0;0.0),(275.0;0.0),0.0402,0.0167,0,0,1
first,201,326.2019,326.7353,0.5334,0.5166667,(275.0;0.0),(-275.0;0.0),0.4735,0.45,1,1,1
first,202,327.4353,328.2023,0.7670,0.7666667,(-275.0;0.0),(275.0;0.0),0.017,0.0088,0,0,1
first,203,328.9031,329.6021,0.6990,0.70000005,(-275.0;0.0),(275.0;0.0),0.0098,0.0088,0,1,0
first,204,330.3022,330.8363,0.5341,0.53333336,(-275.0;0.0),(275.0;0.0),0.0196,0.0167,0,0,1
first,205,331.5355,331.9357,0.4001,0.38333336,(275.0;0.0),(-275.0;0.0),0.0249,0.0167,1,1,1
first,206,332.6358,333.0689,0.4331,0.43333337,(-275.0;0.0),(275.0;0.0),0.0196,0.0167,0,0,1
first,207,333.7689,334.3691,0.6002,0.6,(-275.0;0.0),(275.0;0.0),1.0,0.2,0,0,1
first,208,335.0690,335.7362,0.6672,0.6666667,(-275.0;0.0),(275.0;0.0),0.4735,0.45,0,0,1
first,209,336.4358,337.1695,0.7338,0.7166667,(275.0;0.0),(-275.0;0.0),0.2235,0.2,1,1,1
first,210,337.8692,338.4526,0.5834,0.5833334,(275.0;0.0),(-275.0;0.0),0.1921,0.0,1,1,1
first,211,339.1526,339.7360,0.5834,0.5833334,(-275.0;0.0),(275.0;0.0),0.2082,0.2,0,0,1
first,212,340.4361,341.1866,0.7505,0.75000006,(275.0;0.0),(-275.0;0.0),0.0177,0.0167,1,1,1
first,213,341.8861,342.5041,0.6180,0.6166667,(-275.0;0.0),(275.0;0.0),0.0249,0.0167,0,0,1
first,214,343.2028,343.6030,0.4002,0.40000004,(275.0;0.0),(-275.0;0.0),0.6421,0.45,1,1,1
first,215,344.3039,344.8363,0.5324,0.53333336,(-275.0;0.0),(275.0;0.0),0.0402,0.0167,0,0,1
first,216,345.5363,345.9363,0.4000,0.40000004,(275.0;0.0),(-275.0;0.0),0.3921,0.2,1,1,1
first,217,346.6373,347.3865,0.7491,0.73333335,(-275.0;0.0),(275.0;0.0),0.0082,0.0,0,0,1
first,218,348.0865,348.6698,0.5834,0.5833334,(275.0;0.0),(-275.0;0.0),0.0117,0.0088,1,1,1
first,219,349.3713,349.9870,0.6157,0.6166667,(-275.0;0.0),(275.0;0.0),0.0082,0.0,0,0,1
first,220,350.6866,351.0542,0.3676,0.36666667,(275.0;0.0),(-275.0;0.0),0.3921,0.2,1,1,1
first,221,351.7700,352.4200,0.6501,0.65000004,(275.0;0.0),(-275.0;0.0),0.2671,0.2,1,1,1
first,222,353.1201,353.5701,0.4500,0.45000002,(-275.0;0.0),(275.0;0.0),1.0,0.45,0,0,1
first,223,354.2711,354.7703,0.4992,0.5,(-275.0;0.0),(275.0;0.0),0.1921,0.0,0,0,1
first,224,355.4702,356.0369,0.5667,0.5666667,(275.0;0.0),(-275.0;0.0),0.2235,0.2,1,1,1
first,225,356.7380,357.2870,0.5490,0.55,(-275.0;0.0),(275.0;0.0),0.4582,0.45,0,0,1
first,226,357.9870,358.4044,0.4174,0.4166667,(275.0;0.0),(-275.0;0.0),0.1921,0.0,1,1,1
first,227,359.1037,359.6704,0.5667,0.5666667,(275.0;0.0),(-275.0;0.0),0.75,0.2,1,1,1
first,228,360.3705,360.9205,0.5501,0.55,(-275.0;0.0),(275.0;0.0),0.0759,0.0088,0,0,1
first,229,361.6205,362.0708,0.4503,0.43333337,(-275.0;0.0),(275.0;0.0),0.0582,0.05,0,1,0
first,230,362.7704,363.2217,0.4513,0.45000002,(275.0;0.0),(-275.0;0.0),0.2088,0.0167,1,1,1
first,231,363.9207,364.3558,0.4352,0.43333337,(-275.0;0.0),(275.0;0.0),0.75,0.2,0,0,1
first,232,365.0541,365.7374,0.6834,0.6833334,(-275.0;0.0),(275.0;0.0),0.017,0.0088,0,0,1
first,233,366.4383,366.9878,0.5495,0.53333336,(275.0;0.0),(-275.0;0.0),0.5171,0.45,1,1,1
first,234,367.6876,368.1543,0.4667,0.4666667,(275.0;0.0),(-275.0;0.0),0.2421,0.05,1,1,1
first,235,368.8543,369.3052,0.4509,0.45000002,(-275.0;0.0),(275.0;0.0),0.75,0.2,0,0,1
first,236,370.0045,371.1877,1.1833,1.1833334,(-275.0;0.0),(275.0;0.0),0.001,0.0,0,1,0
first,237,371.8889,372.3713,0.4824,0.48333335,(275.0;0.0),(-275.0;0.0),0.0735,0.05,1,1,1
first,238,373.0712,373.5214,0.4502,0.45000002,(275.0;0.0),(-275.0;0.0),1.0,0.45,1,1,1
first,239,374.2212,374.8050,0.5838,0.5833334,(275.0;0.0),(-275.0;0.0),0.4735,0.45,1,0,0
first,240,375.5057,376.0551,0.5494,0.55,(-275.0;0.0),(275.0;0.0),1.0,0.45,0,0,1
first,241,376.7713,377.2049,0.4336,0.43333337,(-275.0;0.0),(275.0;0.0),0.2421,0.05,0,0,1
first,242,377.9048,378.5049,0.6001,0.6,(-275.0;0.0),(275.0;0.0),0.0529,0.05,0,1,0
first,243,379.2049,379.7554,0.5505,0.55,(-275.0;0.0),(275.0;0.0),0.5171,0.45,0,0,1
first,244,380.4550,381.1218,0.6668,0.6666667,(-275.0;0.0),(275.0;0.0),0.2235,0.2,0,0,1
first,245,381.8389,382.6384,0.7995,0.8000001,(-275.0;0.0),(275.0;0.0),0.0582,0.05,0,1,0
first,246,383.3384,383.9055,0.5671,0.5666667,(275.0;0.0),(-275.0;0.0),0.2671,0.2,1,1,1
first,247,384.6052,385.1219,0.5167,0.5166667,(275.0;0.0),(-275.0;0.0),1.0,0.45,1,1,1
first,248,385.8219,386.2889,0.4670,0.4666667,(275.0;0.0),(-275.0;0.0),0.1171,0.05,1,1,1
first,249,386.9886,387.5721,0.5835,0.5833334,(-275.0;0.0),(275.0;0.0),0.3921,0.2,0,0,1
first,250,388.2720,388.8888,0.6167,0.6166667,(-275.0;0.0),(275.0;0.0),0.0735,0.05,0,1,0
first,251,389.5888,390.4222,0.8334,0.8333334,(-275.0;0.0),(275.0;0.0),0.0117,0.0088,0,1,0
first,252,391.1222,391.6901,0.5679,0.5666667,(-275.0;0.0),(275.0;0.0),0.6421,0.45,0,0,1
first,253,392.4056,392.9561,0.5505,0.55,(-275.0;0.0),(275.0;0.0),0.75,0.2,0,0,1
first,254,393.6557,394.2227,0.5670,0.5666667,(275.0;0.0),(-275.0;0.0),0.0529,0.05,1,1,1
first,255,394.9233,395.3237,0.4004,0.40000004,(-275.0;0.0),(275.0;0.0),0.3921,0.2,0,0,1
first,256,396.0225,396.5894,0.5669,0.5666667,(275.0;0.0),(-275.0;0.0),0.2082,0.2,1,1,1
first,257,397.3059,397.8727,0.5668,0.5666667,(-275.0;0.0),(275.0;0.0),0.0235,0.0,0,0,1
first,258,398.5726,399.0736,0.5010,0.5,(275.0;0.0),(-275.0;0.0),0.0098,0.0088,1,1,1
first,259,399.7727,400.1227,0.3500,0.35000002,(-275.0;0.0),(275.0;0.0),1.0,0.2,0,0,1
first,260,400.8229,401.6730,0.8501,0.85,(275.0;0.0),(-275.0;0.0),0.0029,0.0,1,1,1
first,261,402.3896,402.8562,0.4665,0.4666667,(275.0;0.0),(-275.0;0.0),0.2009,0.0088,1,1,1
first,262,403.5563,404.0731,0.5169,0.5166667,(-275.0;0.0),(275.0;0.0),1.0,0.45,0,0,1
first,263,404.7738,405.2737,0.4998,0.5,(-275.0;0.0),(275.0;0.0),0.5171,0.45,0,1,0
first,264,422.7409,423.4240,0.6831,0.6833334,(275.0;0.0),(-275.0;0.0),0.0235,0.0,1,1,1
first,265,424.1240,424.9245,0.8005,0.8000001,(275.0;0.0),(-275.0;0.0),0.4735,0.45,1,1,1
first,266,425.6241,426.1409,0.5167,0.5166667,(275.0;0.0),(-275.0;0.0),0.017,0.0088,1,1,1
first,267,426.8409,427.3088,0.4679,0.4666667,(-275.0;0.0),(275.0;0.0),1.0,0.2,0,0,1
first,268,428.0076,428.5920,0.5844,0.5833334,(-275.0;0.0),(275.0;0.0),0.4735,0.45,0,1,0
first,269,429.2917,429.7589,0.4672,0.4666667,(-275.0;0.0),(275.0;0.0),0.0323,0.0088,0,0,1
first,270,430.4578,430.8246,0.3668,0.36666667,(275.0;0.0),(-275.0;0.0),0.6,0.05,1,1,1
first,271,431.5245,431.9418,0.4173,0.40000004,(-275.0;0.0),(275.0;0.0),0.4582,0.45,0,0,1
first,272,432.6412,433.1918,0.5506,0.55,(275.0;0.0),(-275.0;0.0),0.0177,0.0167,1,1,1
first,273,433.8921,434.2927,0.4006,0.40000004,(275.0;0.0),(-275.0;0.0),0.75,0.2,1,1,1
first,274,434.9913,435.5414,0.5501,0.55,(275.0;0.0),(-275.0;0.0),0.4582,0.45,1,0,0
first,275,436.2414,436.6755,0.4341,0.43333337,(-275.0;0.0),(275.0;0.0),0.2088,0.0167,0,0,1
first,276,437.3924,437.7082,0.3158,0.3166667,(275.0;0.0),(-275.0;0.0),0.6,0.05,1,1,1
first,277,438.4086,438.7755,0.3669,0.36666667,(-275.0;0.0),(275.0;0.0),0.6,0.05,0,0,1
first,278,439.4750,440.7423,1.2674,1.2666668,(-275.0;0.0),(275.0;0.0),0.001,0.0,0,1,0
first,279,441.4417,441.8420,0.4003,0.38333336,(-275.0;0.0),(275.0;0.0),0.1921,0.0,0,0,1
first,280,442.5418,442.9751,0.4334,0.43333337,(-275.0;0.0),(275.0;0.0),0.0177,0.0167,0,1,0
first,281,443.6752,444.2599,0.5847,0.5833334,(-275.0;0.0),(275.0;0.0),0.001,0.0,0,0,1
first,282,444.9586,445.3087,0.3502,0.35000002,(-275.0;0.0),(275.0;0.0),0.2235,0.2,0,1,0
first,283,446.0086,446.4755,0.4669,0.4666667,(275.0;0.0),(-275.0;0.0),0.6,0.05,1,1,1
first,284,447.1920,447.6268,0.4347,0.43333337,(275.0;0.0),(-275.0;0.0),0.0323,0.0088,1,1,1
first,285,448.3254,448.7763,0.4509,0.45000002,(-275.0;0.0),(275.0;0.0),0.0735,0.05,0,0,1
first,286,449.4755,449.9430,0.4674,0.4666667,(275.0;0.0),(-275.0;0.0),0.0196,0.0167,1,1,1
first,287,450.6422,451.0090,0.3667,0.36666667,(-275.0;0.0),(275.0;0.0),0.2088,0.0167,0,0,1
first,288,451.7256,452.1258,0.4001,0.40000004,(-275.0;0.0),(275.0;0.0),0.2009,0.0088,0,0,1
first,289,452.8257,453.3258,0.5001,0.5,(-275.0;0.0),(275.0;0.0),0.0249,0.0167,0,1,0
first,290,454.0257,454.3433,0.3176,0.3166667,(-275.0;0.0),(275.0;0.0),0.2009,0.0088,0,0,1
first,291,455.0424,455.3591,0.3167,0.3166667,(275.0;0.0),(-275.0;0.0),0.2671,0.2,1,1,1
first,292,456.0592,456.5439,0.4847,0.48333335,(275.0;0.0),(-275.0;0.0),0.2088,0.0167,1,1,1
first,293,457.2593,457.6429,0.3836,0.38333336,(275.0;0.0),(-275.0;0.0),0.2009,0.0088,1,1,1
first,294,458.3429,458.7435,0.4006,0.40000004,(275.0;0.0),(-275.0;0.0),0.2421,0.05,1,1,1
first,295,459.4427,459.8594,0.4167,0.4166667,(275.0;0.0),(-275.0;0.0),0.2421,0.05,1,1,1
first,296,460.5602,461.0261,0.4660,0.4666667,(275.0;0.0),(-275.0;0.0),0.0671,0.0,1,1,1
first,297,461.7428,462.3097,0.5668,0.5666667,(275.0;0.0),(-275.0;0.0),0.0082,0.0,1,1,1
first,298,463.0101,463.5440,0.5339,0.53333336,(275.0;0.0),(-275.0;0.0),0.0402,0.0167,1,1,1
first,299,464.2430,465.0097,0.7667,0.7666667,(275.0;0.0),(-275.0;0.0),0.001,0.0,1,0,0
first,300,465.7097,466.2435,0.5337,0.53333336,(-275.0;0.0),(275.0;0.0),0.2235,0.2,0,1,0
first,301,466.9598,467.3766,0.4168,0.4166667,(-275.0;0.0),(275.0;0.0),1.0,0.2,0,0,1
first,302,468.0775,468.5267,0.4491,0.45000002,(275.0;0.0),(-275.0;0.0),0.4582,0.45,1,0,0
first,303,469.2272,469.8944,0.6672,0.6666667,(275.0;0.0),(-275.0;0.0),0.0582,0.05,1,1,1
first,304,470.5933,471.3267,0.7334,0.73333335,(275.0;0.0),(-275.0;0.0),0.0249,0.0167,1,1,1
first,305,472.0434,472.6112,0.5677,0.5666667,(-275.0;0.0),(275.0;0.0),0.6421,0.45,0,0,1
first,306,473.3107,473.9102,0.5995,0.6,(-275.0;0.0),(275.0;0.0),0.6421,0.45,0,0,1
first,307,474.6102,475.0769,0.4667,0.4666667,(275.0;0.0),(-275.0;0.0),0.0671,0.0,1,1,1
first,308,475.7770,476.2107,0.4337,0.43333337,(-275.0;0.0),(275.0;0.0),1.0,0.2,0,0,1
first,309,476.9270,477.4121,0.4851,0.48333335,(-275.0;0.0),(275.0;0.0),0.0838,0.0167,0,0,1
first,310,478.1104,478.8605,0.7501,0.75000006,(-275.0;0.0),(275.0;0.0),0.0098,0.0088,0,1,0
first,311,479.5605,480.5772,1.0167,1.0166668,(275.0;0.0),(-275.0;0.0),0.0029,0.0,1,1,1
first,312,481.2784,481.8107,0.5323,0.5166667,(275.0;0.0),(-275.0;0.0),1.0,0.2,1,1,1
first,313,482.5107,482.9945,0.4838,0.48333335,(-275.0;0.0),(275.0;0.0),0.1921,0.0,0,0,1
first,314,483.6941,484.0943,0.4002,0.40000004,(-275.0;0.0),(275.0;0.0),0.2671,0.2,0,1,0
first,315,484.7941,485.4284,0.6343,0.6333334,(275.0;0.0),(-275.0;0.0),0.0759,0.0088,1,1,1
first,316,486.1275,486.5950,0.4675,0.4666667,(-275.0;0.0),(275.0;0.0),0.0671,0.0,0,0,1
first,317,487.3110,488.1945,0.8835,0.8833334,(-275.0;0.0),(275.0;0.0),0.0029,0.0,0,1,0
first,318,488.8945,489.2951,0.4006,0.40000004,(-275.0;0.0),(275.0;0.0),0.2421,0.05,0,0,1
first,319,489.9945,490.5780,0.5835,0.5833334,(275.0;0.0),(-275.0;0.0),0.0529,0.05,1,1,1
first,320,491.2779,491.6614,0.3835,0.38333336,(-275.0;0.0),(275.0;0.0),0.6421,0.45,0,0,1
first,321,492.3779,492.8946,0.5167,0.5166667,(-275.0;0.0),(275.0;0.0),0.0249,0.0167,0,1,0
first,322,493.5948,493.9781,0.3833,0.38333336,(275.0;0.0),(-275.0;0.0),0.0735,0.05,1,0,0
first,323,494.6780,495.1450,0.4669,0.4666667,(-275.0;0.0),(275.0;0.0),0.2009,0.0088,0,0,1
first,324,495.8449,496.3951,0.5502,0.55,(-275.0;0.0),(275.0;0.0),0.0759,0.0088,0,0,1
first,325,497.1115,497.5961,0.4846,0.48333335,(275.0;0.0),(-275.0;0.0),0.0249,0.0167,1,1,1
first,326,498.2950,498.7283,0.4333,0.43333337,(-275.0;0.0),(275.0;0.0),0.4735,0.45,0,0,1
first,327,499.4283,500.3283,0.9000,0.90000004,(275.0;0.0),(-275.0;0.0),0.001,0.0,1,1,1
first,328,501.0284,501.5287,0.5003,0.5,(-275.0;0.0),(275.0;0.0),0.1171,0.05,0,0,1
first,329,502.2459,502.6620,0.4161,0.4166667,(275.0;0.0),(-275.0;0.0),0.0735,0.05,1,1,1
first,330,503.3619,503.9953,0.6334,0.6333334,(-275.0;0.0),(275.0;0.0),0.0098,0.0088,0,0,1
first,331,504.6958,505.2954,0.5996,0.6,(-275.0;0.0),(275.0;0.0),0.4582,0.45,0,0,1
first,332,505.9960,506.5789,0.5829,0.5833334,(-275.0;0.0),(275.0;0.0),0.0759,0.0088,0,0,1
first,333,507.2962,507.7288,0.4326,0.43333337,(-275.0;0.0),(275.0;0.0),1.0,0.2,0,0,1
first,334,508.4288,509.4122,0.9834,0.9833334,(275.0;0.0),(-275.0;0.0),0.0029,0.0,1,1,1
first,335,510.1122,510.5464,0.4341,0.43333337,(-275.0;0.0),(275.0;0.0),0.0323,0.0088,0,0,1
first,336,511.2457,511.8467,0.6010,0.5833334,(-275.0;0.0),(275.0;0.0),0.0196,0.0167,0,1,0
first,337,512.5457,513.0124,0.4667,0.4666667,(-275.0;0.0),(275.0;0.0),0.2082,0.2,0,0,1
first,338,513.7124,514.1299,0.4175,0.4166667,(275.0;0.0),(-275.0;0.0),0.0671,0.0,1,1,1
first,339,514.8294,515.2125,0.3832,0.38333336,(275.0;0.0),(-275.0;0.0),0.0402,0.0167,1,0,0
first,340,515.9125,516.6631,0.7506,0.75000006,(275.0;0.0),(-275.0;0.0),0.0529,0.05,1,1,1
first,341,517.3796,517.9793,0.5998,0.6,(275.0;0.0),(-275.0;0.0),0.0098,0.0088,1,1,1
first,342,518.6799,519.3627,0.6828,0.6833334,(275.0;0.0),(-275.0;0.0),0.0196,0.0167,1,1,1
first,343,520.0628,520.6795,0.6167,0.6166667,(-275.0;0.0),(275.0;0.0),0.0582,0.05,0,1,0
first,344,521.3795,521.9307,0.5512,0.53333336,(275.0;0.0),(-275.0;0.0),0.5171,0.45,1,1,1
first,345,522.6296,523.0465,0.4169,0.4166667,(275.0;0.0),(-275.0;0.0),0.1921,0.0,1,1,1
first,346,523.7473,524.2469,0.4996,0.5,(275.0;0.0),(-275.0;0.0),0.0838,0.0167,1,1,1
first,347,524.9464,525.3634,0.4169,0.4166667,(-275.0;0.0),(275.0;0.0),0.0235,0.0,0,0,1
first,348,526.0641,526.4470,0.3830,0.38333336,(275.0;0.0),(-275.0;0.0),1.0,0.2,1,1,1
first,349,527.1632,527.5966,0.4334,0.43333337,(275.0;0.0),(-275.0;0.0),0.2009,0.0088,1,1,1
first,350,528.2966,529.0475,0.7509,0.75000006,(275.0;0.0),(-275.0;0.0),0.0323,0.0088,1,1,1
first,351,529.7467,530.1972,0.4506,0.45000002,(-275.0;0.0),(275.0;0.0),0.0759,0.0088,0,0,1
first,352,530.8968,531.2634,0.3667,0.36666667,(275.0;0.0),(-275.0;0.0),0.2235,0.2,1,1,1
first,353,531.9801,532.3973,0.4172,0.4166667,(-275.0;0.0),(275.0;0.0),0.0838,0.0167,0,0,1
first,354,533.0969,533.5969,0.5000,0.5,(275.0;0.0),(-275.0;0.0),0.0117,0.0088,1,1,1
first,355,534.2969,535.1970,0.9001,0.90000004,(-275.0;0.0),(275.0;0.0),0.0029,0.0,0,0,1
first,356,535.8975,536.3137,0.4162,0.4166667,(275.0;0.0),(-275.0;0.0),0.0402,0.0167,1,1,1
first,357,537.0304,537.7314,0.7010,0.70000005,(-275.0;0.0),(275.0;0.0),0.0082,0.0,0,1,0
first,358,538.4305,539.0305,0.6000,0.6,(-275.0;0.0),(275.0;0.0),0.017,0.0088,0,0,1
first,359,539.7306,540.4312,0.7006,0.70000005,(-275.0;0.0),(275.0;0.0),0.0402,0.0167,0,0,1
first,360,541.1306,541.7974,0.6667,0.65000004,(-275.0;0.0),(275.0;0.0),0.0029,0.0,0,1,0
first,361,542.4978,542.9808,0.4829,0.48333335,(-275.0;0.0),(275.0;0.0),0.0196,0.0167,0,0,1
first,362,543.6818,544.1478,0.4660,0.4666667,(275.0;0.0),(-275.0;0.0),0.2082,0.2,1,1,1
first,363,544.8485,545.4476,0.5990,0.6,(275.0;0.0),(-275.0;0.0),0.017,0.0088,1,1,1
first,364,546.1484,546.5480,0.3996,0.40000004,(275.0;0.0),(-275.0;0.0),0.0177,0.0167,1,0,0
first,365,547.2645,547.5977,0.3332,0.33333334,(275.0;0.0),(-275.0;0.0),0.5171,0.45,1,1,1
first,366,548.2977,548.8485,0.5508,0.55,(275.0;0.0),(-275.0;0.0),0.0838,0.0167,1,1,1
first,367,549.5478,549.9147,0.3669,0.36666667,(-275.0;0.0),(275.0;0.0),0.0323,0.0088,0,0,1
first,368,550.6147,550.8980,0.2833,0.28333336,(-275.0;0.0),(275.0;0.0),0.2671,0.2,0,1,0
first,369,551.5979,551.9658,0.3678,0.35000002,(-275.0;0.0),(275.0;0.0),0.0671,0.0,0,0,1
first,370,552.6647,553.0314,0.3666,0.36666667,(275.0;0.0),(-275.0;0.0),0.0117,0.0088,1,1,1
first,371,553.7314,554.2315,0.5001,0.5,(275.0;0.0),(-275.0;0.0),0.001,0.0,1,0,0
first,372,554.9324,555.3650,0.4327,0.43333337,(275.0;0.0),(-275.0;0.0),0.0098,0.0088,1,1,1
first,373,556.0648,556.4482,0.3834,0.38333336,(-275.0;0.0),(275.0;0.0),0.017,0.0088,0,0,1
first,374,557.1650,557.8650,0.7000,0.70000005,(-275.0;0.0),(275.0;0.0),0.0082,0.0,0,1,0
first,375,558.5660,559.2160,0.6501,0.65000004,(275.0;0.0),(-275.0;0.0),0.0582,0.05,1,1,1
first,376,559.9151,560.4991,0.5840,0.5833334,(-275.0;0.0),(275.0;0.0),0.0582,0.05,0,1,0
first,377,561.1984,561.7483,0.5498,0.53333336,(275.0;0.0),(-275.0;0.0),0.0249,0.0167,1,1,1
first,378,562.4495,562.8819,0.4323,0.43333337,(275.0;0.0),(-275.0;0.0),0.0671,0.0,1,1,1
first,379,563.5819,564.6496,1.0677,1.0666667,(-275.0;0.0),(275.0;0.0),0.0082,0.0,0,1,0
first,380,565.3487,565.8989,0.5503,0.55,(275.0;0.0),(-275.0;0.0),0.0582,0.05,1,1,1
first,381,566.5998,567.2497,0.6500,0.6333334,(-275.0;0.0),(275.0;0.0),0.5171,0.45,0,0,1
first,382,567.9488,568.5489,0.6000,0.6,(-275.0;0.0),(275.0;0.0),0.2671,0.2,0,0,1
first,383,569.2489,570.1490,0.9001,0.90000004,(-275.0;0.0),(275.0;0.0),0.0582,0.05,0,0,1
first,384,570.8494,571.3992,0.5498,0.55,(275.0;0.0),(-275.0;0.0),0.4582,0.45,1,1,1
first,385,572.1158,572.6158,0.5000,0.5,(275.0;0.0),(-275.0;0.0),0.2082,0.2,1,1,1
first,386,573.3165,574.5326,1.2161,1.2166667,(275.0;0.0),(-275.0;0.0),0.0235,0.0,1,1,1
first,387,575.2326,575.6502,0.4177,0.4166667,(275.0;0.0),(-275.0;0.0),0.2088,0.0167,1,1,1
first,388,576.3493,576.9660,0.6167,0.6,(275.0;0.0),(-275.0;0.0),0.4582,0.45,1,0,0
first,389,577.6660,578.0827,0.4167,0.4166667,(275.0;0.0),(-275.0;0.0),0.2009,0.0088,1,1,1
first,390,578.7828,579.1662,0.3834,0.38333336,(-275.0;0.0),(275.0;0.0),0.2009,0.0088,0,0,1
first,391,579.8662,580.2006,0.3344,0.33333334,(275.0;0.0),(-275.0;0.0),0.2009,0.0088,1,1,1
first,392,580.8996,581.1997,0.3001,0.3,(-275.0;0.0),(275.0;0.0),1.0,0.45,0,0,1
first,393,581.9163,582.3164,0.4001,0.40000004,(275.0;0.0),(-275.0;0.0),0.0838,0.0167,1,1,1
first,394,583.0166,583.4831,0.4665,0.4666667,(275.0;0.0),(-275.0;0.0),0.0838,0.0167,1,0,0
first,395,584.1834,584.7173,0.5339,0.53333336,(-275.0;0.0),(275.0;0.0),0.1921,0.0,0,0,1
first,396,585.4165,585.7832,0.3667,0.36666667,(-275.0;0.0),(275.0;0.0),0.2671,0.2,0,1,0
first,397,586.4832,587.0510,0.5678,0.55,(-275.0;0.0),(275.0;0.0),0.0323,0.0088,0,0,1
first,398,587.7499,588.0335,0.2836,0.28333336,(275.0;0.0),(-275.0;0.0),0.4582,0.45,1,1,1
first,399,588.7344,589.3675,0.6331,0.6333334,(-275.0;0.0),(275.0;0.0),0.0196,0.0167,0,0,1
first,400,590.0666,591.0001,0.9336,0.9333334,(275.0;0.0),(-275.0;0.0),0.001,0.0,1,0,0
first,401,591.7010,592.1835,0.4826,0.4666667,(-275.0;0.0),(275.0;0.0),0.6,0.05,0,0,1
first,402,592.8845,593.8003,0.9158,0.9166667,(-275.0;0.0),(275.0;0.0),0.017,0.0088,0,1,0
first,403,594.5003,595.0507,0.5503,0.55,(275.0;0.0),(-275.0;0.0),0.2235,0.2,1,0,0
first,404,595.7504,596.1673,0.4170,0.4166667,(275.0;0.0),(-275.0;0.0),0.6,0.05,1,1,1
first,405,596.8848,597.3171,0.4324,0.43333337,(275.0;0.0),(-275.0;0.0),0.2088,0.0167,1,1,1
first,406,598.0172,598.4347,0.4175,0.4166667,(-275.0;0.0),(275.0;0.0),0.2235,0.2,0,0,1
first,407,599.1339,599.4853,0.3514,0.35000002,(275.0;0.0),(-275.0;0.0),0.1921,0.0,1,1,1
first,408,600.1840,600.7340,0.5500,0.55,(275.0;0.0),(-275.0;0.0),0.3921,0.2,1,1,1
first,409,601.4340,601.9841,0.5501,0.53333336,(-275.0;0.0),(275.0;0.0),0.4735,0.45,0,1,0
first,410,602.6843,603.2508,0.5665,0.5666667,(-275.0;0.0),(275.0;0.0),0.2671,0.2,0,0,1
first,411,603.9508,604.3009,0.3501,0.35000002,(275.0;0.0),(-275.0;0.0),0.0838,0.0167,1,1,1
first,412,605.0012,605.5688,0.5676,0.5666667,(-275.0;0.0),(275.0;0.0),0.0235,0.0,0,0,1
first,413,606.2676,606.6177,0.3500,0.35000002,(-275.0;0.0),(275.0;0.0),0.0402,0.0167,0,1,0
first,414,607.3345,607.7011,0.3666,0.36666667,(-275.0;0.0),(275.0;0.0),0.2009,0.0088,0,0,1
first,415,608.4019,609.2349,0.8330,0.8333334,(-275.0;0.0),(275.0;0.0),0.001,0.0,0,0,1
first,416,609.9345,610.4512,0.5167,0.5166667,(-275.0;0.0),(275.0;0.0),0.2421,0.05,0,0,1
first,417,611.1512,611.7514,0.6001,0.5833334,(-275.0;0.0),(275.0;0.0),0.0029,0.0,0,0,1
first,418,612.4513,612.8348,0.3835,0.38333336,(275.0;0.0),(-275.0;0.0),0.2421,0.05,1,1,1
first,419,613.5348,614.0516,0.5168,0.5166667,(-275.0;0.0),(275.0;0.0),0.017,0.0088,0,0,1
first,420,614.7524,615.1522,0.3998,0.40000004,(-275.0;0.0),(275.0;0.0),0.0323,0.0088,0,1,0
first,421,615.8515,616.3682,0.5167,0.5166667,(275.0;0.0),(-275.0;0.0),0.1171,0.05,1,1,1
first,422,617.0860,617.5853,0.4993,0.5,(-275.0;0.0),(275.0;0.0),0.0082,0.0,0,0,1
first,423,618.2850,618.6358,0.3508,0.35000002,(275.0;0.0),(-275.0;0.0),0.1171,0.05,1,1,1
first,424,619.3351,619.8027,0.4676,0.4666667,(275.0;0.0),(-275.0;0.0),0.75,0.2,1,1,1
first,425,620.5018,620.9351,0.4334,0.43333337,(275.0;0.0),(-275.0;0.0),0.0838,0.0167,1,1,1
first,426,621.6352,622.1019,0.4667,0.45000002,(-275.0;0.0),(275.0;0.0),0.2671,0.2,0,0,1
first,427,622.8019,623.4027,0.6008,0.6,(-275.0;0.0),(275.0;0.0),0.0838,0.0167,0,0,1
first,428,624.1020,624.9187,0.8167,0.8166667,(-275.0;0.0),(275.0;0.0),0.2235,0.2,0,0,1
first,429,625.6194,626.2021,0.5827,0.5833334,(-275.0;0.0),(275.0;0.0),0.4582,0.45,0,0,1
first,430,626.9197,627.3356,0.4159,0.4166667,(275.0;0.0),(-275.0;0.0),0.75,0.2,1,1,1
first,431,628.0355,628.4189,0.3834,0.38333336,(-275.0;0.0),(275.0;0.0),0.0529,0.05,0,0,1
first,432,629.1199,629.6365,0.5166,0.5166667,(-275.0;0.0),(275.0;0.0),0.0117,0.0088,0,1,0
first,433,630.3357,630.7524,0.4167,0.4166667,(-275.0;0.0),(275.0;0.0),0.0838,0.0167,0,0,1
first,434,631.4534,631.7693,0.3158,0.3,(275.0;0.0),(-275.0;0.0),0.0759,0.0088,1,1,1
first,435,632.4693,632.7691,0.2998,0.3,(275.0;0.0),(-275.0;0.0),0.5171,0.45,1,0,0
first,436,633.4692,633.8027,0.3335,0.33333334,(275.0;0.0),(-275.0;0.0),0.6421,0.45,1,1,1
first,437,634.5026,634.9860,0.4835,0.48333335,(275.0;0.0),(-275.0;0.0),0.6,0.05,1,1,1
first,438,635.6860,636.0860,0.4000,0.40000004,(275.0;0.0),(-275.0;0.0),0.75,0.2,1,1,1
first,439,636.8030,637.2534,0.4504,0.45000002,(-275.0;0.0),(275.0;0.0),0.6,0.05,0,0,1
first,440,637.9528,638.3033,0.3506,0.35000002,(-275.0;0.0),(275.0;0.0),0.2082,0.2,0,1,0
first,441,639.0028,639.7529,0.7501,0.75000006,(-275.0;0.0),(275.0;0.0),0.001,0.0,0,1,0
first,442,640.4529,641.0529,0.6000,0.6,(275.0;0.0),(-275.0;0.0),0.2235,0.2,1,0,0
first,443,641.7696,642.1530,0.3834,0.38333336,(275.0;0.0),(-275.0;0.0),0.2235,0.2,1,1,1
first,444,642.8540,643.5864,0.7324,0.73333335,(275.0;0.0),(-275.0;0.0),0.0082,0.0,1,1,1
first,445,644.2876,644.7875,0.5000,0.5,(-275.0;0.0),(275.0;0.0),1.0,0.45,0,0,1
first,446,645.4865,645.9699,0.4835,0.48333335,(275.0;0.0),(-275.0;0.0),0.2082,0.2,1,1,1
first,447,646.6700,647.1700,0.4999,0.5,(275.0;0.0),(-275.0;0.0),0.3921,0.2,1,1,1
first,448,647.8701,648.3367,0.4666,0.4666667,(-275.0;0.0),(275.0;0.0),0.017,0.0088,0,0,1
first,449,649.0368,649.4373,0.4005,0.40000004,(-275.0;0.0),(275.0;0.0),0.0177,0.0167,0,1,0
first,450,650.1368,650.5704,0.4336,0.43333337,(275.0;0.0),(-275.0;0.0),0.0759,0.0088,1,1,1
first,451,651.2710,651.6702,0.3992,0.40000004,(-275.0;0.0),(275.0;0.0),0.6,0.05,0,0,1
first,452,652.3869,652.9703,0.5834,0.5833334,(275.0;0.0),(-275.0;0.0),0.0098,0.0088,1,1,1
first,453,653.6703,654.0037,0.3333,0.33333334,(-275.0;0.0),(275.0;0.0),0.2088,0.0167,0,0,1
first,454,654.7037,654.9704,0.2667,0.26666668,(-275.0;0.0),(275.0;0.0),0.0235,0.0,0,1,0
first,455,655.6714,656.1542,0.4828,0.48333335,(275.0;0.0),(-275.0;0.0),0.0177,0.0167,1,1,1
first,456,656.8705,657.3039,0.4334,0.43333337,(275.0;0.0),(-275.0;0.0),0.2088,0.0167,1,1,1
first,457,658.0039,658.4208,0.4169,0.4166667,(-275.0;0.0),(275.0;0.0),0.2421,0.05,0,0,1
first,458,659.1206,659.4373,0.3167,0.3166667,(-275.0;0.0),(275.0;0.0),0.4582,0.45,0,1,0
first,459,660.1373,660.5209,0.3836,0.38333336,(-275.0;0.0),(275.0;0.0),0.5171,0.45,0,0,1
first,460,661.2214,661.6374,0.4160,0.4166667,(275.0;0.0),(-275.0;0.0),0.6421,0.45,1,1,1
first,461,662.3541,662.9221,0.5680,0.5666667,(275.0;0.0),(-275.0;0.0),0.4582,0.45,1,0,0
first,462,663.6209,664.1209,0.5001,0.5,(275.0;0.0),(-275.0;0.0),0.2421,0.05,1,1,1
first,463,664.8209,665.3376,0.5167,0.5166667,(275.0;0.0),(-275.0;0.0),0.0323,0.0088,1,1,1
first,464,666.0377,666.6878,0.6501,0.65000004,(-275.0;0.0),(275.0;0.0),0.0249,0.0167,0,1,0
first,465,667.4046,667.9878,0.5833,0.5833334,(275.0;0.0),(-275.0;0.0),0.0082,0.0,1,1,1
first,466,668.6878,669.1051,0.4173,0.4166667,(-275.0;0.0),(275.0;0.0),0.3921,0.2,0,0,1
first,467,669.8047,670.1553,0.3506,0.35000002,(275.0;0.0),(-275.0;0.0),0.0838,0.0167,1,1,1
first,468,670.8547,671.2213,0.3666,0.36666667,(-275.0;0.0),(275.0;0.0),0.0323,0.0088,0,0,1
first,469,671.9380,672.0549,0.1169,0.116666675,(275.0;0.0),(-275.0;0.0),1.0,0.45,1,1,1
first,470,672.7557,673.1047,0.3490,0.35000002,(275.0;0.0),(-275.0;0.0),0.2082,0.2,1,0,0
first,471,673.8049,674.5382,0.7334,0.73333335,(-275.0;0.0),(275.0;0.0),0.001,0.0,0,1,0
first,472,675.2382,675.7054,0.4671,0.4666667,(-275.0;0.0),(275.0;0.0),0.2421,0.05,0,0,1
first,473,676.4050,676.7558,0.3509,0.35000002,(275.0;0.0),(-275.0;0.0),0.2009,0.0088,1,1,1
first,474,677.4550,678.1720,0.7170,0.7166667,(275.0;0.0),(-275.0;0.0),0.001,0.0,1,0,0
first,475,678.8717,679.2384,0.3667,0.36666667,(275.0;0.0),(-275.0;0.0),0.3921,0.2,1,1,1
first,476,679.9384,680.3895,0.4510,0.45000002,(-275.0;0.0),(275.0;0.0),0.2082,0.2,0,0,1
first,477,681.0885,681.4385,0.3500,0.35000002,(-275.0;0.0),(275.0;0.0),0.0735,0.05,0,1,0
first,478,682.1553,682.4053,0.2500,0.25,(275.0;0.0),(-275.0;0.0),0.0402,0.0167,1,0,0
first,479,683.1061,683.4554,0.3493,0.35000002,(275.0;0.0),(-275.0;0.0),0.0671,0.0,1,1,1
first,480,684.1553,684.3221,0.1667,0.16666667,(-275.0;0.0),(275.0;0.0),0.0177,0.0167,0,0,1
first,481,685.0221,685.3063,0.2843,0.28333336,(-275.0;0.0),(275.0;0.0),0.6,0.05,0,1,0
first,482,686.0055,686.3565,0.3510,0.35000002,(-275.0;0.0),(275.0;0.0),0.6421,0.45,0,1,0
first,483,687.0722,687.6565,0.5844,0.5833334,(275.0;0.0),(-275.0;0.0),0.0735,0.05,1,1,1
first,484,688.3556,688.9403,0.5847,0.5833334,(-275.0;0.0),(275.0;0.0),0.4735,0.45,0,0,1
first,485,689.6390,689.9891,0.3501,0.35000002,(275.0;0.0),(-275.0;0.0),1.0,0.45,1,1,1
first,486,690.6891,691.5891,0.9001,0.90000004,(-275.0;0.0),(275.0;0.0),0.0029,0.0,0,1,0
first,487,692.3070,692.9061,0.5991,0.6,(-275.0;0.0),(275.0;0.0),0.0838,0.0167,0,0,1
first,488,693.6066,694.2561,0.6495,0.65000004,(275.0;0.0),(-275.0;0.0),0.0029,0.0,1,1,1
first,489,694.9560,695.3727,0.4167,0.4166667,(-275.0;0.0),(275.0;0.0),0.2421,0.05,0,0,1
first,490,696.0727,696.5564,0.4837,0.48333335,(-275.0;0.0),(275.0;0.0),0.0196,0.0167,0,1,0
first,491,697.2728,697.9398,0.6671,0.6666667,(275.0;0.0),(-275.0;0.0),0.017,0.0088,1,1,1
first,492,698.6403,699.2565,0.6162,0.6166667,(-275.0;0.0),(275.0;0.0),0.0177,0.0167,0,1,0
first,493,699.9563,700.4572,0.5009,0.5,(-275.0;0.0),(275.0;0.0),0.0671,0.0,0,0,1
first,494,701.1566,701.5065,0.3499,0.35000002,(275.0;0.0),(-275.0;0.0),0.2671,0.2,1,1,1
first,495,702.2230,702.5731,0.3500,0.35000002,(275.0;0.0),(-275.0;0.0),0.0582,0.05,1,0,0
first,496,703.2731,703.5572,0.2841,0.28333336,(275.0;0.0),(-275.0;0.0),0.0235,0.0,1,1,1
first,497,704.2565,704.8401,0.5836,0.5833334,(275.0;0.0),(-275.0;0.0),0.0323,0.0088,1,1,1
first,498,705.5399,705.9899,0.4500,0.45000002,(275.0;0.0),(-275.0;0.0),0.0117,0.0088,1,1,1
first,499,706.6901,707.0575,0.3674,0.35000002,(275.0;0.0),(-275.0;0.0),0.0323,0.0088,1,1,1
first,500,707.7567,708.2401,0.4834,0.48333335,(-275.0;0.0),(275.0;0.0),0.0671,0.0,0,0,1
first,501,708.9401,709.2069,0.2668,0.26666668,(275.0;0.0),(-275.0;0.0),1.0,0.2,1,1,1
first,502,709.9077,710.5902,0.6826,0.6833334,(275.0;0.0),(-275.0;0.0),0.0082,0.0,1,1,1
first,503,711.2902,711.7569,0.4667,0.45000002,(-275.0;0.0),(275.0;0.0),0.0196,0.0167,0,1,0
first,504,712.4570,712.8572,0.4003,0.40000004,(-275.0;0.0),(275.0;0.0),0.2009,0.0088,0,0,1
first,505,713.5570,714.0738,0.5167,0.5166667,(-275.0;0.0),(275.0;0.0),0.0117,0.0088,0,1,0
first,506,714.7738,715.2572,0.4834,0.48333335,(-275.0;0.0),(275.0;0.0),0.4735,0.45,0,0,1
first,507,715.9572,716.3913,0.4342,0.43333337,(275.0;0.0),(-275.0;0.0),0.1921,0.0,1,1,1
first,508,717.1072,717.5584,0.4512,0.45000002,(-275.0;0.0),(275.0;0.0),0.75,0.2,0,0,1
first,509,718.2573,718.5749,0.3176,0.3166667,(275.0;0.0),(-275.0;0.0),0.0735,0.05,1,1,1
first,510,719.2740,719.5577,0.2836,0.28333336,(275.0;0.0),(-275.0;0.0),0.0082,0.0,1,0,0
first,511,720.2582,720.5078,0.2496,0.25,(275.0;0.0),(-275.0;0.0),0.2235,0.2,1,1,1
first,512,721.2074,721.6919,0.4844,0.48333335,(-275.0;0.0),(275.0;0.0),0.0735,0.05,0,1,0
first,513,722.3909,722.8745,0.4837,0.48333335,(-275.0;0.0),(275.0;0.0),0.0529,0.05,0,1,0
first,514,723.5743,723.8921,0.3179,0.3166667,(275.0;0.0),(-275.0;0.0),0.2421,0.05,1,1,1
first,515,724.5910,725.3085,0.7176,0.7166667,(275.0;0.0),(-275.0;0.0),0.001,0.0,1,1,1
first,516,726.0077,726.4923,0.4845,0.48333335,(275.0;0.0),(-275.0;0.0),0.1171,0.05,1,1,1
first,517,727.1911,727.6578,0.4667,0.4666667,(275.0;0.0),(-275.0;0.0),0.0582,0.05,1,1,1
first,518,728.3578,728.7915,0.4337,0.43333337,(275.0;0.0),(-275.0;0.0),0.4735,0.45,1,1,1
first,519,729.4915,729.9583,0.4668,0.4666667,(-275.0;0.0),(275.0;0.0),0.0323,0.0088,0,1,0
first,520,730.6580,731.2760,0.6180,0.6166667,(-275.0;0.0),(275.0;0.0),0.0249,0.0167,0,0,1
first,521,731.9914,732.5081,0.5167,0.5166667,(-275.0;0.0),(275.0;0.0),0.2421,0.05,0,0,1
first,522,733.2089,733.7584,0.5495,0.55,(275.0;0.0),(-275.0;0.0),0.0177,0.0167,1,1,1
first,523,734.4582,734.8582,0.4000,0.40000004,(-275.0;0.0),(275.0;0.0),0.2235,0.2,0,0,1
first,524,735.5585,735.9262,0.3677,0.36666667,(275.0;0.0),(-275.0;0.0),0.0249,0.0167,1,1,1
first,525,736.6253,737.0586,0.4332,0.4166667,(275.0;0.0),(-275.0;0.0),0.2082,0.2,1,0,0
first,526,737.7584,738.3587,0.6003,0.6,(-275.0;0.0),(275.0;0.0),0.2671,0.2,0,0,1
first,527,739.0585,739.5087,0.4503,0.45000002,(-275.0;0.0),(275.0;0.0),1.0,0.2,0,0,1
first,528,740.2095,740.6919,0.4825,0.48333335,(275.0;0.0),(-275.0;0.0),0.2671,0.2,1,1,1
first,529,741.3918,741.9753,0.5835,0.5666667,(275.0;0.0),(-275.0;0.0),0.0117,0.0088,1,1,1
first,530,742.6754,743.1087,0.4333,0.43333337,(-275.0;0.0),(275.0;0.0),0.2088,0.0167,0,0,1
first,531,743.8090,744.1421,0.3331,0.33333334,(275.0;0.0),(-275.0;0.0),0.2082,0.2,1,1,1
first,532,744.8423,745.5755,0.7332,0.73333335,(275.0;0.0),(-275.0;0.0),0.0177,0.0167,1,0,0
first,533,746.2761,746.8100,0.5339,0.5166667,(-275.0;0.0),(275.0;0.0),0.0759,0.0088,0,0,1
first,534,747.5089,747.8592,0.3503,0.35000002,(275.0;0.0),(-275.0;0.0),0.0671,0.0,1,1,1
first,535,748.5590,749.0425,0.4835,0.48333335,(275.0;0.0),(-275.0;0.0),0.0759,0.0088,1,1,1
first,536,749.7424,750.2594,0.5170,0.5166667,(275.0;0.0),(-275.0;0.0),0.4735,0.45,1,1,1
first,537,750.9591,751.4600,0.5009,0.5,(275.0;0.0),(-275.0;0.0),0.0671,0.0,1,1,1
first,538,752.1759,752.9429,0.7670,0.7666667,(275.0;0.0),(-275.0;0.0),0.5171,0.45,1,1,1
first,539,753.6427,754.3272,0.6845,0.6833334,(275.0;0.0),(-275.0;0.0),0.5171,0.45,1,1,1
first,540,755.0260,755.5594,0.5334,0.53333336,(275.0;0.0),(-275.0;0.0),0.0323,0.0088,1,1,1
first,541,756.2604,756.7262,0.4658,0.45000002,(-275.0;0.0),(275.0;0.0),0.0759,0.0088,0,0,1
first,542,757.4272,757.9095,0.4823,0.48333335,(-275.0;0.0),(275.0;0.0),0.0098,0.0088,0,1,0
first,543,758.6096,759.0437,0.4341,0.43333337,(275.0;0.0),(-275.0;0.0),0.75,0.2,1,1,1
first,544,759.7437,760.2603,0.5167,0.5166667,(275.0;0.0),(-275.0;0.0),0.4735,0.45,1,0,0
first,545,760.9597,761.5776,0.6179,0.6166667,(-275.0;0.0),(275.0;0.0),0.1921,0.0,0,0,1
first,546,762.2931,762.6431,0.3500,0.35000002,(275.0;0.0),(-275.0;0.0),0.4582,0.45,1,1,1
first,547,763.3432,764.0104,0.6672,0.6666667,(-275.0;0.0),(275.0;0.0),0.0029,0.0,0,1,0
first,548,764.7101,765.1600,0.4499,0.45000002,(-275.0;0.0),(275.0;0.0),0.0759,0.0088,0,0,1
first,549,765.8600,766.2602,0.4002,0.40000004,(275.0;0.0),(-275.0;0.0),0.0249,0.0167,1,1,1
first,550,766.9768,767.3269,0.3501,0.35000002,(-275.0;0.0),(275.0;0.0),0.2088,0.0167,0,0,1
first,551,768.0274,768.3769,0.3495,0.35000002,(275.0;0.0),(-275.0;0.0),0.0759,0.0088,1,1,1
first,552,769.0779,769.4611,0.3832,0.38333336,(-275.0;0.0),(275.0;0.0),0.0323,0.0088,0,0,1
first,553,770.1602,770.7102,0.5501,0.55,(-275.0;0.0),(275.0;0.0),0.0098,0.0088,0,1,0
first,554,771.4111,771.8104,0.3993,0.38333336,(-275.0;0.0),(275.0;0.0),0.0838,0.0167,0,0,1
first,555,772.5103,772.8771,0.3668,0.36666667,(275.0;0.0),(-275.0;0.0),0.2009,0.0088,1,1,1
first,556,773.5771,773.9947,0.4176,0.4166667,(-275.0;0.0),(275.0;0.0),0.0529,0.05,0,0,1
first,557,774.6938,774.9605,0.2667,0.26666668,(-275.0;0.0),(275.0;0.0),0.2082,0.2,0,1,0
first,558,775.6610,776.3111,0.6501,0.65000004,(275.0;0.0),(-275.0;0.0),0.0235,0.0,1,1,1
first,559,777.0273,777.4949,0.4677,0.4666667,(-275.0;0.0),(275.0;0.0),0.0402,0.0167,0,0,1
first,560,778.1940,778.6615,0.4676,0.4666667,(-275.0;0.0),(275.0;0.0),0.0529,0.05,0,1,0